-- Migration: 045_murder_mystery_course
-- Description: "Solving Murders" course — a gamified forensic science and criminal investigation
-- course covering crime scene processing, forensic evidence, interrogation, cold cases,
-- and famous real-world murder investigations. Educational through the lens of detective work.
-- 5 Units, 18 Lessons, ~54 applets with explanations on every applet.

-- =================================================================
-- COURSE
-- =================================================================
INSERT INTO courses (id, title, description, emoji, color, is_published, sort_order) VALUES
('c0000000-0000-0000-0000-000000000005', 'Solving Murders', 'Step into the shoes of a homicide detective. Learn forensic science, crime scene analysis, and the investigative techniques that crack the hardest cases.', '🔍', '#DC2626', true, 5);

-- =================================================================
-- UNIT 1 — The Crime Scene (First Response & Processing)
-- =================================================================
INSERT INTO course_units (id, course_id, title, description, sort_order) VALUES
('b4000000-0000-0000-0000-000000000001', 'c0000000-0000-0000-0000-000000000005', 'The Crime Scene', 'The golden hour — how detectives secure, document, and process a murder scene before evidence disappears.', 1);

-- ─── Lesson 1.1 — First on Scene ───
INSERT INTO course_lessons (id, unit_id, title, description, emoji, sort_order, xp_reward) VALUES
('d4000000-0000-0000-0000-000000000001', 'b4000000-0000-0000-0000-000000000001', 'First on Scene', 'What happens in the first 60 minutes after a body is discovered.', '🚔', 1, 10);

INSERT INTO applets (id, type, title, question, hint, explanation, content, difficulty, tags) VALUES
('a4010000-0000-0000-0000-000000000001', 'ordering', 'First Responder Protocol', 'Put these first-responder steps in the correct order after arriving at a potential homicide scene.', 'Safety first — you can''t process a scene if the threat is still active.',
'Officer safety is always step one — you must confirm there''s no active threat before anything else. Calling for backup and medical ensures resources are en route. Securing the perimeter prevents evidence contamination by onlookers. Only after the scene is safe and contained do you begin the initial walkthrough — a careful visual survey without touching anything. The detective log begins last, documenting everything from the moment you arrived.',
'{"items":[{"id":"i1","label":"Ensure scene safety (clear threats)","emoji":"⚠️"},{"id":"i2","label":"Call for backup and medical","emoji":"📞"},{"id":"i3","label":"Secure the perimeter with tape","emoji":"🔒"},{"id":"i4","label":"Conduct initial walkthrough (eyes only)","emoji":"👀"},{"id":"i5","label":"Begin detective log with timestamps","emoji":"📋"}],"correctOrder":["i1","i2","i3","i4","i5"],"direction":"top-down"}', 1, ARRAY['forensics','crime-scene','protocol']),

('a4010000-0000-0000-0000-000000000002', 'mcq', 'The Golden Hour', 'In homicide investigation, what does "the golden hour" refer to?', 'Think about how quickly evidence degrades.',
'The golden hour is the critical first 60 minutes after a homicide is discovered. During this window, evidence is freshest — witnesses haven''t had time to forget or coordinate stories, physical evidence hasn''t been disturbed by weather or foot traffic, and digital trails (phone records, CCTV) are still readily accessible. Studies show that cases not developed within the first 48 hours have a dramatically lower clearance rate, making that first hour absolutely vital.',
'{"options":[{"id":"a","text":"The first hour after discovery — when evidence is freshest"},{"id":"b","text":"The hour the coroner spends examining the body"},{"id":"c","text":"The hour before a suspect flees the jurisdiction"},{"id":"d","text":"The hour-long briefing detectives hold each morning"}],"correctOptionId":"a"}', 1, ARRAY['forensics','crime-scene','time']),

('a4010000-0000-0000-0000-000000000003', 'categorization-grid', 'Scene Priorities', 'Categorize each task by when it happens during crime scene response.', 'The first phase is about safety and containment. The second is about documentation.',
'Crime scene response follows a strict phased approach to prevent evidence contamination. Immediate actions (first minutes) focus on safety and securing the area — no one touches anything yet. The documentation phase uses photography and sketches to freeze the scene in time before any evidence is collected. The collection phase (hours later) is when physical items are actually bagged and tagged. Mixing up these phases is the #1 cause of evidence being thrown out in court.',
'{"categories":[{"id":"immediate","label":"Immediate (0-10 min)","emoji":"⚡"},{"id":"document","label":"Document (10-60 min)","emoji":"📸"},{"id":"collect","label":"Collect (1+ hours)","emoji":"🧤"}],"items":[{"id":"i1","text":"Check victim for signs of life"},{"id":"i2","text":"Photograph overall scene from four angles"},{"id":"i3","text":"Bag and label the murder weapon"},{"id":"i4","text":"Establish crime scene perimeter"},{"id":"i5","text":"Sketch a floor plan with measurements"},{"id":"i6","text":"Dust surfaces for fingerprints"}],"correctMapping":{"i1":"immediate","i2":"document","i3":"collect","i4":"immediate","i5":"document","i6":"collect"},"layout":"columns"}', 2, ARRAY['forensics','crime-scene','procedure']);

INSERT INTO lesson_applets (lesson_id, applet_id, sort_order) VALUES
('d4000000-0000-0000-0000-000000000001', 'a4010000-0000-0000-0000-000000000001', 1),
('d4000000-0000-0000-0000-000000000001', 'a4010000-0000-0000-0000-000000000002', 2),
('d4000000-0000-0000-0000-000000000001', 'a4010000-0000-0000-0000-000000000003', 3);

-- ─── Lesson 1.2 — Documenting the Scene ───
INSERT INTO course_lessons (id, unit_id, title, description, emoji, sort_order, xp_reward) VALUES
('d4000000-0000-0000-0000-000000000002', 'b4000000-0000-0000-0000-000000000001', 'Documenting the Scene', 'Photography, sketches, and chain of custody — freezing the moment in time.', '📸', 2, 10);

INSERT INTO applets (id, type, title, question, hint, explanation, content, difficulty, tags) VALUES
('a4020000-0000-0000-0000-000000000001', 'ordering', 'Photography Protocol', 'Order the crime scene photography steps from first to last.', 'Start wide, then zoom in — like a funnel.',
'Crime scene photography follows a strict wide-to-narrow progression. Overall exterior shots establish the location in context (what neighborhood, what building). Interior overview shots capture the full room layout. Mid-range photos show the relationship between evidence items. Close-ups capture individual pieces of evidence. Finally, close-ups with scale rulers allow forensic comparison. This progression ensures nothing is missed and every piece of evidence is shown in context before being shown in detail.',
'{"items":[{"id":"i1","label":"Overall exterior (building, street)","emoji":"🏠"},{"id":"i2","label":"Interior overview (full room)","emoji":"🖼️"},{"id":"i3","label":"Mid-range (evidence relationships)","emoji":"📐"},{"id":"i4","label":"Close-up (individual evidence)","emoji":"🔍"},{"id":"i5","label":"Close-up with scale ruler","emoji":"📏"}],"correctOrder":["i1","i2","i3","i4","i5"],"direction":"top-down"}', 2, ARRAY['forensics','photography','documentation']),

('a4020000-0000-0000-0000-000000000002', 'mcq', 'Chain of Custody', 'If the chain of custody is broken for a key piece of evidence, what typically happens?', 'Think about what a defense attorney would argue.',
'Chain of custody is the documented trail showing who handled a piece of evidence, when, and why. If there''s any gap — even a brief one — a defense attorney can argue the evidence was tampered with, contaminated, or planted. Judges will often rule such evidence inadmissible, meaning the jury never sees it. This has led to acquittals in major cases. Every person who touches evidence must sign and timestamp the custody log.',
'{"options":[{"id":"a","text":"It may be ruled inadmissible in court"},{"id":"b","text":"The detective gets a formal reprimand"},{"id":"c","text":"The evidence is sent to a federal lab instead"},{"id":"d","text":"Nothing — it only matters for DNA evidence"}],"correctOptionId":"a"}', 2, ARRAY['forensics','chain-of-custody','legal']),

('a4020000-0000-0000-0000-000000000003', 'match-pairs', 'Documentation Tools', 'Match each documentation method to its primary purpose at a crime scene.', 'Each tool captures something the others cannot.',
'Each documentation method serves a unique purpose. Photography preserves visual detail but distorts distances. Sketches accurately record spatial relationships and measurements. Video captures the flow and layout in a way stills cannot. Written notes record observations that cameras miss — smells, temperatures, sounds. 3D laser scanning (increasingly common) combines all of these into a precise digital model. A thorough investigation uses all methods together.',
'{"leftItems":[{"id":"l1","text":"Photography"},{"id":"l2","text":"Crime scene sketch"},{"id":"l3","text":"Video walkthrough"},{"id":"l4","text":"Written notes"},{"id":"l5","text":"3D laser scanning"}],"rightItems":[{"id":"r1","text":"Preserves exact visual detail of evidence"},{"id":"r2","text":"Records precise measurements and spatial relationships"},{"id":"r3","text":"Captures overall flow and room transitions"},{"id":"r4","text":"Documents smells, sounds, and investigator observations"},{"id":"r5","text":"Creates a digital 3D model for court reconstruction"}],"correctPairs":{"l1":"r1","l2":"r2","l3":"r3","l4":"r4","l5":"r5"},"leftColumnLabel":"Method","rightColumnLabel":"Purpose"}', 2, ARRAY['forensics','documentation','tools']);

INSERT INTO lesson_applets (lesson_id, applet_id, sort_order) VALUES
('d4000000-0000-0000-0000-000000000002', 'a4020000-0000-0000-0000-000000000001', 1),
('d4000000-0000-0000-0000-000000000002', 'a4020000-0000-0000-0000-000000000002', 2),
('d4000000-0000-0000-0000-000000000002', 'a4020000-0000-0000-0000-000000000003', 3);

-- ─── Lesson 1.3 — Reading the Body ───
INSERT INTO course_lessons (id, unit_id, title, description, emoji, sort_order, xp_reward) VALUES
('d4000000-0000-0000-0000-000000000003', 'b4000000-0000-0000-0000-000000000001', 'Reading the Body', 'What the victim''s body tells investigators — position, lividity, rigor, and wounds.', '🩺', 3, 10);

INSERT INTO applets (id, type, title, question, hint, explanation, content, difficulty, tags) VALUES
('a4030000-0000-0000-0000-000000000001', 'ordering', 'Stages of Death', 'Order these post-mortem changes from EARLIEST to LATEST after death.', 'Body temperature drops first, then muscles lock, then gravity pulls the blood.',
'Algor mortis (body cooling) begins immediately — the body loses about 1.5°F per hour until it matches the environment. Livor mortis (blood pooling) begins within 30 minutes as gravity pulls blood downward, creating purple discoloration. Rigor mortis (muscle stiffening) starts in small muscles (eyelids, jaw) within 2-6 hours and progresses to large muscles. After 24-48 hours, rigor releases and decomposition begins. Forensic pathologists use these overlapping timelines to estimate time of death, though environment (heat, cold, water) dramatically affects the timeline.',
'{"items":[{"id":"i1","label":"Algor mortis (body cooling)","emoji":"🌡️"},{"id":"i2","label":"Livor mortis (blood pooling/lividity)","emoji":"🟣"},{"id":"i3","label":"Rigor mortis (muscle stiffening)","emoji":"💪"},{"id":"i4","label":"Rigor release (muscles relax again)","emoji":"🔄"},{"id":"i5","label":"Active decomposition begins","emoji":"🍂"}],"correctOrder":["i1","i2","i3","i4","i5"],"direction":"top-down"}', 2, ARRAY['forensics','pathology','time-of-death']),

('a4030000-0000-0000-0000-000000000002', 'mcq', 'Lividity Clue', 'A victim is found face-down, but lividity (blood pooling) is on their back. What does this suggest?', 'Gravity pulls blood to the lowest point. If lividity doesn''t match position...',
'Lividity (livor mortis) forms where blood settles due to gravity. If the body is face-down but lividity is on the back, the victim died face-up and was moved after death — after lividity became fixed (typically 8-12 hours). This is a critical clue because it tells investigators the body was repositioned, suggesting someone moved it to stage the scene or conceal the original death location. Fixed lividity that contradicts body position is one of the strongest indicators of a staged scene.',
'{"options":[{"id":"a","text":"The body was moved after death"},{"id":"b","text":"The victim died of natural causes"},{"id":"c","text":"Death occurred less than 1 hour ago"},{"id":"d","text":"The room temperature was very cold"}],"correctOptionId":"a"}', 2, ARRAY['forensics','lividity','body-position']),

('a4030000-0000-0000-0000-000000000003', 'categorization-grid', 'Wound Classification', 'Classify each wound type by the category of weapon that typically causes it.', 'Think about the physics — sharp vs. blunt vs. projectile.',
'Wound analysis is a cornerstone of forensic pathology. Sharp force injuries (knives, glass) produce clean cuts with defined edges. Blunt force injuries (bats, fists, falls) create bruising, fractures, and irregular tears. Gunshot wounds have unique characteristics: entrance wounds are typically smaller and round with an abrasion collar, while exit wounds are larger and irregular. Strangulation leaves specific marks — ligature marks from cords or petechial hemorrhages (burst blood vessels in the eyes) from manual choking. Each wound type tells a story about the weapon and the attack dynamics.',
'{"categories":[{"id":"sharp","label":"Sharp Force","emoji":"🔪"},{"id":"blunt","label":"Blunt Force","emoji":"🔨"},{"id":"gunshot","label":"Gunshot","emoji":"💥"}],"items":[{"id":"i1","text":"Clean incised wound with smooth edges"},{"id":"i2","text":"Stellate (star-shaped) fracture on skull"},{"id":"i3","text":"Small round entrance with abrasion collar"},{"id":"i4","text":"Stab wound deeper than it is wide"},{"id":"i5","text":"Contusion (deep bruise) without breaking skin"},{"id":"i6","text":"Wound track with stippling (powder burns)"}],"correctMapping":{"i1":"sharp","i2":"blunt","i3":"gunshot","i4":"sharp","i5":"blunt","i6":"gunshot"},"layout":"columns"}', 3, ARRAY['forensics','pathology','wounds']);

INSERT INTO lesson_applets (lesson_id, applet_id, sort_order) VALUES
('d4000000-0000-0000-0000-000000000003', 'a4030000-0000-0000-0000-000000000001', 1),
('d4000000-0000-0000-0000-000000000003', 'a4030000-0000-0000-0000-000000000002', 2),
('d4000000-0000-0000-0000-000000000003', 'a4030000-0000-0000-0000-000000000003', 3);

-- ─── Lesson 1.4 — Crime Scene Review (Checkpoint) ───
INSERT INTO course_lessons (id, unit_id, title, description, emoji, sort_order, xp_reward, is_checkpoint_review) VALUES
('d4000000-0000-0000-0000-000000000004', 'b4000000-0000-0000-0000-000000000001', 'Crime Scene Review', 'Test your knowledge of crime scene processing fundamentals.', '✅', 4, 15, true);

INSERT INTO applets (id, type, title, question, hint, explanation, content, difficulty, tags) VALUES
('a4040000-0000-0000-0000-000000000001', 'thought-tree', 'Scene Assessment', 'Work through this decision tree to correctly process a fresh homicide scene.', 'Think step by step — safety, then containment, then documentation.',
'This decision tree mirrors real first-responder training. Every branch reinforces the core principle: rushing to collect evidence before the scene is safe and documented is the number one rookie mistake. Detectives who skip steps create openings for defense attorneys. The correct path always prioritizes safety → perimeter → documentation → collection, in that exact order.',
'{"nodes":[{"id":"n1","question":"You arrive at a potential homicide. What''s your FIRST action?","leftChoice":{"id":"n1a","text":"Ensure scene safety — check for threats"},"rightChoice":{"id":"n1b","text":"Start collecting evidence immediately"},"correctChoiceId":"n1a"},{"id":"n2","question":"Scene is safe. Backup is en route. What next?","leftChoice":{"id":"n2a","text":"Establish perimeter with crime scene tape"},"rightChoice":{"id":"n2b","text":"Start interviewing the person who found the body"},"correctChoiceId":"n2a"},{"id":"n3","question":"Perimeter is secure. How do you begin documentation?","leftChoice":{"id":"n3a","text":"Overall photos first, then work inward"},"rightChoice":{"id":"n3b","text":"Close-up photos of the weapon first"},"correctChoiceId":"n3a"},{"id":"n4","question":"You notice the victim may have been moved. What clue told you?","leftChoice":{"id":"n4a","text":"Lividity doesn''t match body position"},"rightChoice":{"id":"n4b","text":"The victim''s eyes are open"},"correctChoiceId":"n4a"},{"id":"n5","question":"Evidence collection is starting. What must you maintain throughout?","leftChoice":{"id":"n5a","text":"Chain of custody for every item"},"rightChoice":{"id":"n5b","text":"A running tally of suspect names"},"correctChoiceId":"n5a"}],"finalAnswer":"You correctly processed the scene: safety → perimeter → documentation → body assessment → evidence collection with chain of custody. This is the foundation of every successful homicide investigation."}', 2, ARRAY['forensics','crime-scene','review']),

('a4040000-0000-0000-0000-000000000002', 'fill-blanks', 'Crime Scene Principles', 'Complete the key crime scene investigation principles.', 'Think about what protects evidence in court.',
'These are foundational principles taught at every police academy. The golden hour emphasizes urgency. Chain of custody protects evidence integrity. Locard''s Exchange Principle — that every contact leaves a trace — is the philosophical basis of forensic science. And the wide-to-narrow photography protocol ensures context is preserved before detail is captured.',
'{"segments":[{"type":"text","content":"The first 60 minutes after discovery is called the "},{"type":"slot","slotId":"s1","correctAnswerId":"a1"},{"type":"text","content":". Every piece of evidence must have an unbroken "},{"type":"slot","slotId":"s2","correctAnswerId":"a2"},{"type":"text","content":". According to Locard''s Principle, every contact leaves a "},{"type":"slot","slotId":"s3","correctAnswerId":"a3"},{"type":"text","content":". Crime scene photos progress from "},{"type":"slot","slotId":"s4","correctAnswerId":"a4"},{"type":"text","content":" to close-up."}],"answerBlocks":[{"id":"a1","content":"golden hour"},{"id":"a2","content":"chain of custody"},{"id":"a3","content":"trace"},{"id":"a4","content":"wide"},{"id":"d1","content":"silver minute"},{"id":"d2","content":"evidence bag"},{"id":"d3","content":"witness"},{"id":"d4","content":"narrow"}]}', 2, ARRAY['forensics','crime-scene','principles']);

INSERT INTO lesson_applets (lesson_id, applet_id, sort_order) VALUES
('d4000000-0000-0000-0000-000000000004', 'a4040000-0000-0000-0000-000000000001', 1),
('d4000000-0000-0000-0000-000000000004', 'a4040000-0000-0000-0000-000000000002', 2);

-- =================================================================
-- UNIT 2 — Forensic Evidence (The Science of Proof)
-- =================================================================
INSERT INTO course_units (id, course_id, title, description, sort_order) VALUES
('b4000000-0000-0000-0000-000000000002', 'c0000000-0000-0000-0000-000000000005', 'Forensic Evidence', 'DNA, fingerprints, ballistics, toxicology — the science that turns clues into convictions.', 2);

-- ─── Lesson 2.1 — DNA Evidence ───
INSERT INTO course_lessons (id, unit_id, title, description, emoji, sort_order, xp_reward) VALUES
('d4000000-0000-0000-0000-000000000005', 'b4000000-0000-0000-0000-000000000002', 'DNA Evidence', 'How a microscopic biological trace can identify a killer with near-certainty.', '🧬', 1, 10);

INSERT INTO applets (id, type, title, question, hint, explanation, content, difficulty, tags) VALUES
('a4050000-0000-0000-0000-000000000001', 'ordering', 'DNA Analysis Pipeline', 'Order the steps of forensic DNA analysis from crime scene to courtroom.', 'You need to find it, extract it, copy it, compare it, then present it.',
'DNA analysis follows a strict pipeline. First, biological samples (blood, saliva, skin cells) are located at the scene using presumptive tests like luminol. Extraction isolates the DNA from the cellular material. PCR amplification makes millions of copies of key regions (STR loci) because crime scene samples are often tiny. Electrophoresis separates these fragments by size, creating a DNA profile. Finally, the profile is compared against suspect samples or the CODIS database. Each step must be meticulously documented for court.',
'{"items":[{"id":"i1","label":"Collect biological sample at scene","emoji":"🧪"},{"id":"i2","label":"Extract DNA from cells","emoji":"🔬"},{"id":"i3","label":"PCR amplification (copy DNA)","emoji":"📋"},{"id":"i4","label":"Electrophoresis (create profile)","emoji":"📊"},{"id":"i5","label":"Compare against suspect / CODIS database","emoji":"🔍"}],"correctOrder":["i1","i2","i3","i4","i5"],"direction":"top-down"}', 2, ARRAY['forensics','DNA','analysis']),

('a4050000-0000-0000-0000-000000000002', 'mcq', 'Touch DNA', 'What is "touch DNA" and why has it been controversial?', 'Think about how little biological material is needed with modern technology.',
'Touch DNA refers to genetic material left behind simply by touching a surface — shed skin cells, sweat, or oils. Modern PCR technology can amplify DNA from as few as 5-20 cells. The controversy is that touch DNA can transfer indirectly: you shake someone''s hand, they touch a doorknob, and your DNA is now on that doorknob. This "secondary transfer" has led to wrongful accusations. In the Amanda Knox case, touch DNA on a knife was a central — and heavily criticized — piece of evidence. Scientists now emphasize that finding someone''s DNA at a scene proves contact, not guilt.',
'{"options":[{"id":"a","text":"DNA from skin cells left by touching — controversial due to secondary transfer"},{"id":"b","text":"DNA that has been digitally enhanced by software"},{"id":"c","text":"A method of testing DNA without destroying the sample"},{"id":"d","text":"DNA collected from touchscreen devices like phones"}],"correctOptionId":"a"}', 3, ARRAY['forensics','DNA','touch-dna']),

('a4050000-0000-0000-0000-000000000003', 'match-pairs', 'DNA Sources', 'Match each biological sample type to the scenario where it''s most commonly found at a murder scene.', 'Think about the type of contact or violence involved.',
'Different types of violence leave different biological traces. Blood spatter is the most common and informative — its pattern reveals the type of weapon and direction of attack. Saliva is found on bite marks, cigarette butts, and envelopes. Hair with follicles attached can yield full DNA profiles. Skin cells under fingernails indicate a struggle — this is one of the first things a medical examiner checks. Sweat on tool handles or clothing can provide DNA even when the perpetrator wore gloves on their hands but sweated through their clothes.',
'{"leftItems":[{"id":"l1","text":"Blood spatter"},{"id":"l2","text":"Saliva"},{"id":"l3","text":"Hair with root"},{"id":"l4","text":"Skin under fingernails"},{"id":"l5","text":"Sweat on clothing"}],"rightItems":[{"id":"r1","text":"Victim fought back — scratched attacker"},{"id":"r2","text":"Attacker bit the victim during assault"},{"id":"r3","text":"Found on victim''s clothing or at struggle site"},{"id":"r4","text":"Weapon impact and directional analysis"},{"id":"r5","text":"Left on mask or hat worn during crime"}],"correctPairs":{"l1":"r4","l2":"r2","l3":"r3","l4":"r1","l5":"r5"},"leftColumnLabel":"Sample","rightColumnLabel":"Scene Context"}', 3, ARRAY['forensics','DNA','biological-evidence']);

INSERT INTO lesson_applets (lesson_id, applet_id, sort_order) VALUES
('d4000000-0000-0000-0000-000000000005', 'a4050000-0000-0000-0000-000000000001', 1),
('d4000000-0000-0000-0000-000000000005', 'a4050000-0000-0000-0000-000000000002', 2),
('d4000000-0000-0000-0000-000000000005', 'a4050000-0000-0000-0000-000000000003', 3);

-- ─── Lesson 2.2 — Fingerprints & Impressions ───
INSERT INTO course_lessons (id, unit_id, title, description, emoji, sort_order, xp_reward) VALUES
('d4000000-0000-0000-0000-000000000006', 'b4000000-0000-0000-0000-000000000002', 'Fingerprints & Impressions', 'The original biometric — how prints are found, lifted, and matched.', '👆', 2, 10);

INSERT INTO applets (id, type, title, question, hint, explanation, content, difficulty, tags) VALUES
('a4060000-0000-0000-0000-000000000001', 'categorization-grid', 'Fingerprint Types', 'Classify each fingerprint pattern into its correct category.', 'The three main categories are loops, whorls, and arches.',
'Fingerprint classification has been used since the late 1800s. Loops (60-65% of people) have ridges that enter from one side, curve, and exit the same side — ulnar loops curve toward the pinky, radial loops toward the thumb. Whorls (30-35%) have circular or spiral patterns with at least two deltas (triangular points). Arches (5%) have ridges flowing from one side to the other with a rise in the middle — tented arches have a sharp spike, plain arches are smooth. No two people have identical prints — even identical twins have different fingerprints due to random fetal development.',
'{"categories":[{"id":"loop","label":"Loop","emoji":"🔄"},{"id":"whorl","label":"Whorl","emoji":"🌀"},{"id":"arch","label":"Arch","emoji":"⛰️"}],"items":[{"id":"i1","text":"Ridges enter and exit the same side"},{"id":"i2","text":"Circular/spiral pattern with two deltas"},{"id":"i3","text":"Ridges flow side to side with a rise"},{"id":"i4","text":"Most common pattern (~65% of people)"},{"id":"i5","text":"Accounts for ~30% of all fingerprints"},{"id":"i6","text":"Rarest pattern (~5% of people)"}],"correctMapping":{"i1":"loop","i2":"whorl","i3":"arch","i4":"loop","i5":"whorl","i6":"arch"},"layout":"columns"}', 2, ARRAY['forensics','fingerprints','classification']),

('a4060000-0000-0000-0000-000000000002', 'ordering', 'Fingerprint Processing', 'Order the steps to process a latent (invisible) fingerprint from a crime scene surface.', 'You need to find it, develop it, lift it, then match it.',
'Latent fingerprints are invisible to the naked eye — left by natural oils and sweat on fingers. First, the surface is examined with alternate light sources (UV, laser) which can make prints fluoresce. Then a development technique is chosen based on the surface: powder dusting for smooth surfaces, superglue fuming for plastics, ninhydrin spray for paper. The developed print is photographed in place (in case lifting fails). Then it''s lifted with adhesive tape and placed on a contrast card. Finally, it''s scanned into AFIS (Automated Fingerprint Identification System) for database comparison.',
'{"items":[{"id":"i1","label":"Examine surface with alternate light source","emoji":"🔦"},{"id":"i2","label":"Apply development technique (powder/chemical)","emoji":"🧪"},{"id":"i3","label":"Photograph the developed print in place","emoji":"📸"},{"id":"i4","label":"Lift print with adhesive tape","emoji":"📋"},{"id":"i5","label":"Scan into AFIS database for matching","emoji":"💻"}],"correctOrder":["i1","i2","i3","i4","i5"],"direction":"top-down"}', 2, ARRAY['forensics','fingerprints','processing']),

('a4060000-0000-0000-0000-000000000003', 'mcq', 'Print Identification', 'How many matching minutiae points do most US jurisdictions require to declare a fingerprint match?', 'There''s actually no universal standard in the US...',
'Surprisingly, there is no universal legal standard in the United States for the minimum number of matching minutiae (ridge endings, bifurcations, dots) required for a fingerprint identification. The UK uses 16 points, some European countries use 12, but US courts generally leave it to the examiner''s expert judgment. Most US examiners use 8-12 points as a practical guideline. This subjectivity has been criticized — a 2009 National Academy of Sciences report found that fingerprint analysis is less objective than commonly believed, and wrongful convictions have resulted from misidentifications.',
'{"options":[{"id":"a","text":"No universal standard — typically 8-12 at examiner discretion"},{"id":"b","text":"Exactly 7 points — set by the FBI"},{"id":"c","text":"At least 20 points — to ensure certainty"},{"id":"d","text":"Just 3 points — the legal minimum since 1990"}],"correctOptionId":"a"}', 3, ARRAY['forensics','fingerprints','legal']);

INSERT INTO lesson_applets (lesson_id, applet_id, sort_order) VALUES
('d4000000-0000-0000-0000-000000000006', 'a4060000-0000-0000-0000-000000000001', 1),
('d4000000-0000-0000-0000-000000000006', 'a4060000-0000-0000-0000-000000000002', 2),
('d4000000-0000-0000-0000-000000000006', 'a4060000-0000-0000-0000-000000000003', 3);

-- ─── Lesson 2.3 — Ballistics & Weapons ───
INSERT INTO course_lessons (id, unit_id, title, description, emoji, sort_order, xp_reward) VALUES
('d4000000-0000-0000-0000-000000000007', 'b4000000-0000-0000-0000-000000000002', 'Ballistics & Weapons', 'Every gun leaves a signature — how bullets and casings tell the story.', '🔫', 3, 10);

INSERT INTO applets (id, type, title, question, hint, explanation, content, difficulty, tags) VALUES
('a4070000-0000-0000-0000-000000000001', 'match-pairs', 'Ballistic Evidence', 'Match each type of ballistic evidence to what it reveals to investigators.', 'Each piece of evidence answers a different investigative question.',
'Firearms evidence is remarkably informative. Rifling marks (grooves cut into the bullet by the barrel) are unique to each gun — like a fingerprint. Ejection patterns of spent casings indicate where the shooter stood. Gunshot residue (GSR) on hands or clothing proves proximity to a discharged firearm. Bullet trajectory analysis using laser rods through entry/exit holes reconstructs the shooter''s exact position. Cartridge headstamps identify ammunition manufacturer and caliber. Together, these form a complete reconstruction of the shooting event.',
'{"leftItems":[{"id":"l1","text":"Rifling marks on bullet"},{"id":"l2","text":"Spent casing ejection pattern"},{"id":"l3","text":"Gunshot residue (GSR) on hands"},{"id":"l4","text":"Bullet trajectory rods"},{"id":"l5","text":"Cartridge headstamp markings"}],"rightItems":[{"id":"r1","text":"Links bullet to a specific firearm"},{"id":"r2","text":"Shows where the shooter was standing"},{"id":"r3","text":"Proves the person fired or was near a gun"},{"id":"r4","text":"Reconstructs the angle and direction of fire"},{"id":"r5","text":"Identifies ammunition manufacturer and caliber"}],"correctPairs":{"l1":"r1","l2":"r2","l3":"r3","l4":"r4","l5":"r5"},"leftColumnLabel":"Evidence","rightColumnLabel":"What It Reveals"}', 3, ARRAY['forensics','ballistics','firearms']),

('a4070000-0000-0000-0000-000000000002', 'mcq', 'Distance Determination', 'A gunshot wound shows stippling (powder tattoo) around the entry point. What does this indicate about the distance?', 'Gunpowder particles travel a limited distance from the barrel.',
'Stippling (also called tattooing) occurs when unburned gunpowder grains impact the skin, creating small reddish-brown marks around the wound. This only happens at intermediate range — typically 6 inches to 3 feet, depending on the weapon. Contact wounds (barrel touching skin) show soot and a stellate pattern. Close range (under 6 inches) shows soot but minimal stippling. Beyond 3 feet, powder particles lose velocity and don''t mark the skin. This makes stippling a reliable distance indicator and is one of the first things a forensic pathologist looks for.',
'{"options":[{"id":"a","text":"Intermediate range — roughly 6 inches to 3 feet"},{"id":"b","text":"Contact range — the barrel was touching the skin"},{"id":"c","text":"Long range — over 10 feet away"},{"id":"d","text":"The gun was fired through fabric or a pillow"}],"correctOptionId":"a"}', 3, ARRAY['forensics','ballistics','wound-analysis']),

('a4070000-0000-0000-0000-000000000003', 'ordering', 'Firearm Examination', 'Order the steps a forensic examiner follows when analyzing a recovered firearm.', 'Safety first, then documentation, then testing.',
'Firearm examination is methodical and safety-conscious. The weapon is first made safe (unloaded, checked for rounds in chamber). It''s photographed and its serial number recorded — serial numbers can be restored even if filed off using acid etching. A test fire into a water tank produces exemplar bullets and casings for comparison. These are compared under a comparison microscope — side by side with evidence bullets. Finally, the examiner searches NIBIN (National Integrated Ballistic Information Network) — the firearm equivalent of AFIS — to link the weapon to other crimes.',
'{"items":[{"id":"i1","label":"Make weapon safe (unload, check chamber)","emoji":"⚠️"},{"id":"i2","label":"Photograph and record serial number","emoji":"📸"},{"id":"i3","label":"Test fire into water tank for exemplars","emoji":"💧"},{"id":"i4","label":"Compare under comparison microscope","emoji":"🔬"},{"id":"i5","label":"Search NIBIN database for other crime links","emoji":"💻"}],"correctOrder":["i1","i2","i3","i4","i5"],"direction":"top-down"}', 3, ARRAY['forensics','ballistics','procedure']);

INSERT INTO lesson_applets (lesson_id, applet_id, sort_order) VALUES
('d4000000-0000-0000-0000-000000000007', 'a4070000-0000-0000-0000-000000000001', 1),
('d4000000-0000-0000-0000-000000000007', 'a4070000-0000-0000-0000-000000000002', 2),
('d4000000-0000-0000-0000-000000000007', 'a4070000-0000-0000-0000-000000000003', 3);

-- ─── Lesson 2.4 — Forensic Evidence Review (Checkpoint) ───
INSERT INTO course_lessons (id, unit_id, title, description, emoji, sort_order, xp_reward, is_checkpoint_review) VALUES
('d4000000-0000-0000-0000-000000000008', 'b4000000-0000-0000-0000-000000000002', 'Forensic Evidence Review', 'Test your knowledge of DNA, fingerprints, and ballistics.', '✅', 4, 15, true);

INSERT INTO applets (id, type, title, question, hint, explanation, content, difficulty, tags) VALUES
('a4080000-0000-0000-0000-000000000001', 'thought-tree', 'Evidence Analysis', 'Work through this decision tree to correctly analyze forensic evidence found at a scene.', 'Match the evidence type to the right analysis method.',
'This decision tree reinforces the connection between evidence type and analytical approach. DNA goes to the biology lab. Fingerprints go to the latent print unit. Ballistics go to the firearms section. Each type of evidence requires specialized equipment, trained examiners, and different analytical techniques. Sending evidence to the wrong lab wastes time — and in murder cases, time is the enemy.',
'{"nodes":[{"id":"n1","question":"You find a blood stain at the crime scene. What''s the first lab analysis?","leftChoice":{"id":"n1a","text":"DNA extraction and STR profiling"},"rightChoice":{"id":"n1b","text":"Fingerprint analysis with AFIS"},"correctChoiceId":"n1a"},{"id":"n2","question":"A bullet is recovered from the wall. Where does it go?","leftChoice":{"id":"n2a","text":"Firearms lab for rifling comparison"},"rightChoice":{"id":"n2b","text":"DNA lab for touch DNA on the bullet"},"correctChoiceId":"n2a"},{"id":"n3","question":"A suspect says they never touched the weapon. How do you test this?","leftChoice":{"id":"n3a","text":"Test their hands for gunshot residue (GSR)"},"rightChoice":{"id":"n3b","text":"Give them a lie detector test"},"correctChoiceId":"n3a"},{"id":"n4","question":"A partial fingerprint is found on a glass at the scene. What system do you search?","leftChoice":{"id":"n4a","text":"AFIS — Automated Fingerprint Identification System"},"rightChoice":{"id":"n4b","text":"CODIS — Combined DNA Index System"},"correctChoiceId":"n4a"},{"id":"n5","question":"DNA results show a match probability of 1 in 10 billion. What does this mean?","leftChoice":{"id":"n5a","text":"Extremely strong — virtually unique identification"},"rightChoice":{"id":"n5b","text":"Too weak — need at least 1 in 1 trillion"},"correctChoiceId":"n5a"}],"finalAnswer":"You correctly routed each evidence type to the right analysis: DNA → STR profiling, bullets → firearms lab, hand residue → GSR test, fingerprints → AFIS, and correctly interpreted DNA match statistics. This is how real forensic labs operate."}', 3, ARRAY['forensics','evidence','review']),

('a4080000-0000-0000-0000-000000000002', 'fill-blanks', 'Forensic Databases', 'Complete the names and purposes of key forensic databases.', 'Each evidence type has its own national database.',
'The three major forensic databases in the US work independently but collectively help solve cases. CODIS (Combined DNA Index System) holds DNA profiles from convicted offenders and crime scenes — it has helped solve over 500,000 cases since 1998. AFIS (now called NGI — Next Generation Identification) holds fingerprints. NIBIN connects bullets and casings across different crime scenes, revealing serial shooters or shared weapons. When these databases "hit," they can link crimes across states that would otherwise never be connected.',
'{"segments":[{"type":"text","content":"The FBI''s DNA database is called "},{"type":"slot","slotId":"s1","correctAnswerId":"a1"},{"type":"text","content":". Fingerprints are searched through "},{"type":"slot","slotId":"s2","correctAnswerId":"a2"},{"type":"text","content":". Bullets and casings are matched using "},{"type":"slot","slotId":"s3","correctAnswerId":"a3"},{"type":"text","content":". A DNA match probability of 1 in 10 billion means the evidence is "},{"type":"slot","slotId":"s4","correctAnswerId":"a4"},{"type":"text","content":" identification."}],"answerBlocks":[{"id":"a1","content":"CODIS"},{"id":"a2","content":"AFIS"},{"id":"a3","content":"NIBIN"},{"id":"a4","content":"virtually unique"},{"id":"d1","content":"NCIC"},{"id":"d2","content":"VICAP"},{"id":"d3","content":"ViCAP"},{"id":"d4","content":"inconclusive"}]}', 3, ARRAY['forensics','databases','review']);

INSERT INTO lesson_applets (lesson_id, applet_id, sort_order) VALUES
('d4000000-0000-0000-0000-000000000008', 'a4080000-0000-0000-0000-000000000001', 1),
('d4000000-0000-0000-0000-000000000008', 'a4080000-0000-0000-0000-000000000002', 2);

-- =================================================================
-- UNIT 3 — The Investigation (Building a Case)
-- =================================================================
INSERT INTO course_units (id, course_id, title, description, sort_order) VALUES
('b4000000-0000-0000-0000-000000000003', 'c0000000-0000-0000-0000-000000000005', 'The Investigation', 'Suspects, motives, alibis, and interrogations — building a case that holds up in court.', 3);

-- ─── Lesson 3.1 — Suspects & Motives ───
INSERT INTO course_lessons (id, unit_id, title, description, emoji, sort_order, xp_reward) VALUES
('d4000000-0000-0000-0000-000000000009', 'b4000000-0000-0000-0000-000000000003', 'Suspects & Motives', 'The classic question: who had means, motive, and opportunity?', '🎯', 1, 10);

INSERT INTO applets (id, type, title, question, hint, explanation, content, difficulty, tags) VALUES
('a4090000-0000-0000-0000-000000000001', 'categorization-grid', 'The Murder Triangle', 'Categorize each factor as Means, Motive, or Opportunity.', 'Means = ability to kill, Motive = reason to kill, Opportunity = chance to kill.',
'The "murder triangle" (means, motive, opportunity) is the foundational framework for suspect evaluation. Means is the physical ability — do they own a gun, are they strong enough, do they have access to poison? Motive is the psychological driver — revenge, money, jealousy, silencing a witness. Opportunity is the practical chance — were they at the location, did they have time, do they lack an alibi? A strong suspect has all three. Missing even one element weakens the case significantly, which is why defense attorneys focus on demolishing whichever leg is weakest.',
'{"categories":[{"id":"means","label":"Means","emoji":"🔧"},{"id":"motive","label":"Motive","emoji":"💭"},{"id":"opportunity","label":"Opportunity","emoji":"⏰"}],"items":[{"id":"i1","text":"Suspect owns same caliber gun as murder weapon"},{"id":"i2","text":"Victim was about to change their will"},{"id":"i3","text":"Suspect has no alibi for time of death"},{"id":"i4","text":"Suspect has military combat training"},{"id":"i5","text":"Suspect''s key card accessed the building at 11 PM"},{"id":"i6","text":"$2 million life insurance policy on the victim"}],"correctMapping":{"i1":"means","i2":"motive","i3":"opportunity","i4":"means","i5":"opportunity","i6":"motive"},"layout":"columns"}', 2, ARRAY['investigation','suspects','motive']),

('a4090000-0000-0000-0000-000000000002', 'ordering', 'Suspect Prioritization', 'Rank these investigative steps from first to last when developing suspects.', 'Start with who was closest to the victim, then expand outward.',
'Homicide investigation follows concentric circles outward from the victim. Victimology comes first — understanding the victim''s life, relationships, enemies, and routines. Statistically, 64% of murder victims are killed by someone they know. The inner circle (spouse, family, close associates) is investigated first because they have the strongest combination of means, motive, and opportunity. Only after clearing the inner circle do detectives expand to acquaintances, then strangers. Witness canvass and surveillance footage help establish timelines. Phone and financial records reveal hidden connections.',
'{"items":[{"id":"i1","label":"Victimology — study the victim''s life and relationships","emoji":"👤"},{"id":"i2","label":"Inner circle — interview spouse, family, close friends","emoji":"👨‍👩‍👧"},{"id":"i3","label":"Canvass — interview neighbors and witnesses","emoji":"🏘️"},{"id":"i4","label":"Records — pull phone, financial, and digital data","emoji":"📱"},{"id":"i5","label":"Expand — investigate acquaintances and strangers","emoji":"🌐"}],"correctOrder":["i1","i2","i3","i4","i5"],"direction":"top-down"}', 2, ARRAY['investigation','suspects','procedure']),

('a4090000-0000-0000-0000-000000000003', 'mcq', 'Homicide Statistics', 'According to FBI statistics, what percentage of murder victims knew their killer?', 'Most murders are not committed by strangers.',
'FBI Uniform Crime Report data consistently shows that approximately 64% of murder victims knew their killer — whether a family member, intimate partner, friend, or acquaintance. About 15% are killed by strangers. The remaining ~21% involve unknown relationships (unsolved cases). This is why detectives always start with the victim''s inner circle. Intimate partner homicides are particularly common — domestic violence is the #1 risk factor for being murdered. The phrase "look at the husband/wife first" is a statistical reality, not just a TV trope.',
'{"options":[{"id":"a","text":"About 64% — most victims knew their killer"},{"id":"b","text":"About 30% — most murders are by strangers"},{"id":"c","text":"About 90% — nearly all murders are by family"},{"id":"d","text":"About 50% — it''s an even split"}],"correctOptionId":"a"}', 2, ARRAY['investigation','statistics','motive']);

INSERT INTO lesson_applets (lesson_id, applet_id, sort_order) VALUES
('d4000000-0000-0000-0000-000000000009', 'a4090000-0000-0000-0000-000000000001', 1),
('d4000000-0000-0000-0000-000000000009', 'a4090000-0000-0000-0000-000000000002', 2),
('d4000000-0000-0000-0000-000000000009', 'a4090000-0000-0000-0000-000000000003', 3);

-- ─── Lesson 3.2 — Interrogation Techniques ───
INSERT INTO course_lessons (id, unit_id, title, description, emoji, sort_order, xp_reward) VALUES
('d4000000-0000-0000-0000-000000000010', 'b4000000-0000-0000-0000-000000000003', 'Interrogation Techniques', 'The psychology of getting suspects to talk — and the fine line with false confessions.', '🗣️', 2, 10);

INSERT INTO applets (id, type, title, question, hint, explanation, content, difficulty, tags) VALUES
('a4100000-0000-0000-0000-000000000001', 'match-pairs', 'Interrogation Methods', 'Match each interrogation technique to its description.', 'Some are designed to build rapport, others to create psychological pressure.',
'Interrogation techniques range from rapport-based (PEACE model, used in the UK) to confrontational (Reid Technique, common in the US). The Reid Technique uses behavioral analysis, theme development, and minimization ("anyone would have done the same") to encourage confession. The PEACE model focuses on information gathering rather than confession extraction. The cognitive interview helps witnesses (not suspects) recall details through mental reinstatement. Minimization/maximization are psychological tactics — minimizing moral blame or maximizing consequences — that studies show can increase false confessions in vulnerable individuals.',
'{"leftItems":[{"id":"l1","text":"Reid Technique"},{"id":"l2","text":"PEACE Model"},{"id":"l3","text":"Cognitive Interview"},{"id":"l4","text":"Minimization"},{"id":"l5","text":"Behavioral Analysis"}],"rightItems":[{"id":"r1","text":"Confrontational — uses theme development to seek confessions"},{"id":"r2","text":"Non-confrontational — focuses on gathering information, not confessions"},{"id":"r3","text":"Helps witnesses recall details through mental reinstatement of context"},{"id":"r4","text":"Downplays moral blame — \"anyone would have done the same thing\""},{"id":"r5","text":"Reading body language and verbal cues for deception indicators"}],"correctPairs":{"l1":"r1","l2":"r2","l3":"r3","l4":"r4","l5":"r5"},"leftColumnLabel":"Technique","rightColumnLabel":"Description"}', 3, ARRAY['investigation','interrogation','psychology']),

('a4100000-0000-0000-0000-000000000002', 'mcq', 'False Confessions', 'What percentage of DNA exonerations (proven wrongful convictions) involved false confessions?', 'It''s disturbingly higher than most people assume.',
'According to the Innocence Project, approximately 25-30% of DNA exonerations involved false confessions or admissions. This means roughly 1 in 4 people proven innocent by DNA had previously confessed to a crime they didn''t commit. Risk factors include youth (juvenile suspects are especially vulnerable), intellectual disability, mental illness, sleep deprivation, and lengthy interrogations. The Central Park Five case (1989) is a landmark example — five teenagers falsely confessed to a brutal assault after hours of interrogation. DNA later identified the actual perpetrator. This has driven major reforms in interrogation recording requirements.',
'{"options":[{"id":"a","text":"About 25-30% — roughly 1 in 4 wrongful conviction cases"},{"id":"b","text":"Less than 1% — false confessions are extremely rare"},{"id":"c","text":"About 5% — a small but significant minority"},{"id":"d","text":"Over 75% — the vast majority of wrongful convictions"}],"correctOptionId":"a"}', 3, ARRAY['investigation','false-confessions','innocence']),

('a4100000-0000-0000-0000-000000000003', 'thought-tree', 'Interrogation Ethics', 'Navigate the ethical dilemmas of interrogation by making the right decisions.', 'Consider both effectiveness and the risk of false confessions.',
'Each decision in this tree reflects real debates in law enforcement. Recording protects both the suspect and the detective. Juvenile suspects need special protections because adolescent brains are more susceptible to coercion. Sleep-deprived suspects produce unreliable statements. The right to attorney is constitutional — deliberately circumventing it can get the entire confession thrown out and lead to civil liability. These aren''t just ethical ideals — they''re practical necessities for building cases that survive court challenges.',
'{"nodes":[{"id":"n1","question":"Should interrogations be recorded on video from start to finish?","leftChoice":{"id":"n1a","text":"Yes — protects both suspect and detective"},"rightChoice":{"id":"n1b","text":"No — cameras make suspects less likely to talk"},"correctChoiceId":"n1a"},{"id":"n2","question":"A 15-year-old suspect asks for their parent. The detective wants to continue. What''s right?","leftChoice":{"id":"n2a","text":"Stop — juvenile suspects need guardian or attorney present"},"rightChoice":{"id":"n2b","text":"Continue — they already waived Miranda"},"correctChoiceId":"n2a"},{"id":"n3","question":"It''s been 14 hours of interrogation. The suspect is exhausted. Continue?","leftChoice":{"id":"n3a","text":"Stop — fatigue increases false confession risk"},"rightChoice":{"id":"n3b","text":"Push harder — they''re about to break"},"correctChoiceId":"n3a"},{"id":"n4","question":"A suspect asks for a lawyer. What must happen immediately?","leftChoice":{"id":"n4a","text":"All questioning stops until attorney is present"},"rightChoice":{"id":"n4b","text":"Finish the current line of questions first"},"correctChoiceId":"n4a"},{"id":"n5","question":"Which model prioritizes information-gathering over confession-seeking?","leftChoice":{"id":"n5a","text":"PEACE model"},"rightChoice":{"id":"n5b","text":"Reid Technique"},"correctChoiceId":"n5a"}],"finalAnswer":"You navigated the ethics correctly: record everything, protect juveniles, prevent fatigue-driven false confessions, honor attorney requests immediately, and prefer information-gathering approaches. Ethical interrogation produces more reliable results AND survives court challenges."}', 3, ARRAY['investigation','interrogation','ethics']);

INSERT INTO lesson_applets (lesson_id, applet_id, sort_order) VALUES
('d4000000-0000-0000-0000-000000000010', 'a4100000-0000-0000-0000-000000000001', 1),
('d4000000-0000-0000-0000-000000000010', 'a4100000-0000-0000-0000-000000000002', 2),
('d4000000-0000-0000-0000-000000000010', 'a4100000-0000-0000-0000-000000000003', 3);

-- ─── Lesson 3.3 — Digital Forensics ───
INSERT INTO course_lessons (id, unit_id, title, description, emoji, sort_order, xp_reward) VALUES
('d4000000-0000-0000-0000-000000000011', 'b4000000-0000-0000-0000-000000000003', 'Digital Forensics', 'Phones, computers, and the internet — the modern crime scene.', '💻', 3, 10);

INSERT INTO applets (id, type, title, question, hint, explanation, content, difficulty, tags) VALUES
('a4110000-0000-0000-0000-000000000001', 'ordering', 'Digital Evidence Handling', 'Order the steps for handling a suspect''s smartphone found at a crime scene.', 'You need to preserve the data before the phone locks or gets remotely wiped.',
'Digital evidence is incredibly volatile. A smartphone at a crime scene can be remotely wiped, can auto-lock, or can connect to networks that alter data. Step one is always putting the device in airplane mode or a Faraday bag to block signals. Photography documents the device''s state (was the screen on? what app was open?). The device goes to a forensic lab where a certified examiner creates a bit-for-bit forensic image — an exact copy of all data including deleted files. Analysis happens on the copy, never the original. Only then is the evidence extracted using tools like Cellebrite or GrayKey.',
'{"items":[{"id":"i1","label":"Place in Faraday bag (block all signals)","emoji":"📱"},{"id":"i2","label":"Photograph the device and screen state","emoji":"📸"},{"id":"i3","label":"Transport to digital forensics lab","emoji":"🔬"},{"id":"i4","label":"Create forensic image (bit-for-bit copy)","emoji":"💾"},{"id":"i5","label":"Extract and analyze data from the copy","emoji":"🔍"}],"correctOrder":["i1","i2","i3","i4","i5"],"direction":"top-down"}', 3, ARRAY['forensics','digital','phone']),

('a4110000-0000-0000-0000-000000000002', 'categorization-grid', 'Digital Evidence Types', 'Categorize each type of digital evidence by its source.', 'Think about where this data lives — on the device, with the carrier, or online.',
'Digital evidence comes from three main sources. Device data is stored locally on the phone/computer: texts, photos, app data, GPS logs, deleted files (often recoverable). Carrier records are held by the phone company: call logs, cell tower pings (location), text metadata (who you texted and when, but not content). Internet/cloud data is held by service providers: emails, social media posts, search history, cloud backups. Each requires different legal processes — device searches need a warrant, carrier records need a court order, and cloud data may need a warrant directed at the provider.',
'{"categories":[{"id":"device","label":"On Device","emoji":"📱"},{"id":"carrier","label":"Carrier Records","emoji":"📡"},{"id":"cloud","label":"Internet/Cloud","emoji":"☁️"}],"items":[{"id":"i1","text":"Deleted photos recoverable from storage"},{"id":"i2","text":"Cell tower pings showing location history"},{"id":"i3","text":"Google search history for \"how to\""},{"id":"i4","text":"Text messages stored on the phone"},{"id":"i5","text":"Call duration and frequency logs"},{"id":"i6","text":"Social media direct messages"}],"correctMapping":{"i1":"device","i2":"carrier","i3":"cloud","i4":"device","i5":"carrier","i6":"cloud"},"layout":"columns"}', 3, ARRAY['forensics','digital','evidence-types']),

('a4110000-0000-0000-0000-000000000003', 'mcq', 'Cell Tower Evidence', 'A suspect''s phone pinged three cell towers at 10 PM, 10:15 PM, and 10:30 PM, each closer to the crime scene. What does this suggest?', 'Cell phones connect to the nearest tower with the strongest signal.',
'Cell tower analysis (sometimes called CSLI — Cell Site Location Information) tracks a phone''s approximate location by recording which tower it connects to. A progression of tower pings moving toward the crime scene creates a travel timeline — showing the suspect''s phone was moving in that direction. However, cell tower evidence is approximate (covering areas of 0.5 to several miles), not GPS-precise. The Supreme Court ruled in Carpenter v. United States (2018) that obtaining long-term cell site location data requires a warrant, recognizing its profound privacy implications. Defense attorneys challenge tower evidence by noting that tower coverage areas overlap and environmental factors affect which tower a phone connects to.',
'{"options":[{"id":"a","text":"The suspect''s phone was moving toward the crime scene"},{"id":"b","text":"The suspect was definitely at the crime scene"},{"id":"c","text":"The cell towers were malfunctioning"},{"id":"d","text":"Someone else was carrying the suspect''s phone"}],"correctOptionId":"a"}', 3, ARRAY['forensics','digital','cell-tower']);

INSERT INTO lesson_applets (lesson_id, applet_id, sort_order) VALUES
('d4000000-0000-0000-0000-000000000011', 'a4110000-0000-0000-0000-000000000001', 1),
('d4000000-0000-0000-0000-000000000011', 'a4110000-0000-0000-0000-000000000002', 2),
('d4000000-0000-0000-0000-000000000011', 'a4110000-0000-0000-0000-000000000003', 3);

-- ─── Lesson 3.4 — Investigation Review (Checkpoint) ───
INSERT INTO course_lessons (id, unit_id, title, description, emoji, sort_order, xp_reward, is_checkpoint_review) VALUES
('d4000000-0000-0000-0000-000000000012', 'b4000000-0000-0000-0000-000000000003', 'Investigation Review', 'Test your knowledge of suspects, interrogation, and digital evidence.', '✅', 4, 15, true);

INSERT INTO applets (id, type, title, question, hint, explanation, content, difficulty, tags) VALUES
('a4120000-0000-0000-0000-000000000001', 'fill-blanks', 'Investigation Principles', 'Complete these key investigation principles.', 'Think about the murder triangle and interrogation reforms.',
'These principles represent hard-won lessons from decades of homicide investigation and wrongful conviction research. The murder triangle (means, motive, opportunity) provides structure. Starting with the victim''s inner circle reflects statistical reality. Recording interrogations became standard after too many false confession scandals. And the Carpenter decision established that digital privacy is a constitutional right — even for murder suspects.',
'{"segments":[{"type":"text","content":"The three elements detectives look for in a suspect are means, motive, and "},{"type":"slot","slotId":"s1","correctAnswerId":"a1"},{"type":"text","content":". Statistically, about 64% of murder victims knew their "},{"type":"slot","slotId":"s2","correctAnswerId":"a2"},{"type":"text","content":". To prevent false confessions, interrogations should be "},{"type":"slot","slotId":"s3","correctAnswerId":"a3"},{"type":"text","content":" on video. Cell site location data requires a "},{"type":"slot","slotId":"s4","correctAnswerId":"a4"},{"type":"text","content":" since the Carpenter ruling."}],"answerBlocks":[{"id":"a1","content":"opportunity"},{"id":"a2","content":"killer"},{"id":"a3","content":"recorded"},{"id":"a4","content":"warrant"},{"id":"d1","content":"alibi"},{"id":"d2","content":"investigator"},{"id":"d3","content":"shortened"},{"id":"d4","content":"subpoena"}]}', 3, ARRAY['investigation','review','principles']),

('a4120000-0000-0000-0000-000000000002', 'mcq', 'Case Building', 'What legal standard must be met to arrest a murder suspect?', 'It''s more than a hunch but less than beyond reasonable doubt.',
'Probable cause is the legal standard for arrest — it means there are facts and circumstances that would lead a reasonable person to believe the suspect committed the crime. This is a moderate standard — higher than "reasonable suspicion" (enough for a brief stop) but lower than "beyond a reasonable doubt" (required for conviction). Detectives often have probable cause long before they have enough evidence to win at trial. Rushing an arrest before the case is trial-ready is one of the most common mistakes in homicide investigation — it starts the speedy trial clock and may alert accomplices.',
'{"options":[{"id":"a","text":"Probable cause — facts suggesting the suspect committed the crime"},{"id":"b","text":"Beyond reasonable doubt — near certainty of guilt"},{"id":"c","text":"Reasonable suspicion — a hunch based on experience"},{"id":"d","text":"Preponderance of evidence — more likely than not"}],"correctOptionId":"a"}', 3, ARRAY['investigation','legal','arrest']);

INSERT INTO lesson_applets (lesson_id, applet_id, sort_order) VALUES
('d4000000-0000-0000-0000-000000000012', 'a4120000-0000-0000-0000-000000000001', 1),
('d4000000-0000-0000-0000-000000000012', 'a4120000-0000-0000-0000-000000000002', 2);

-- =================================================================
-- UNIT 4 — Famous Cases (Learning from History)
-- =================================================================
INSERT INTO course_units (id, course_id, title, description, sort_order) VALUES
('b4000000-0000-0000-0000-000000000004', 'c0000000-0000-0000-0000-000000000005', 'Famous Cases', 'The investigations that changed forensic science — from Jack the Ripper to the Golden State Killer.', 4);

-- ─── Lesson 4.1 — The Golden State Killer ───
INSERT INTO course_lessons (id, unit_id, title, description, emoji, sort_order, xp_reward) VALUES
('d4000000-0000-0000-0000-000000000013', 'b4000000-0000-0000-0000-000000000004', 'The Golden State Killer', 'How genetic genealogy caught a killer after 40 years.', '🧬', 1, 10);

INSERT INTO applets (id, type, title, question, hint, explanation, content, difficulty, tags) VALUES
('a4130000-0000-0000-0000-000000000001', 'ordering', 'How They Caught Him', 'Order the key steps that led to the identification of the Golden State Killer in 2018.', 'The breakthrough was using a consumer DNA database — not a criminal one.',
'The Golden State Killer case revolutionized cold case investigation. After decades with no CODIS hit, investigator Paul Holes and genealogist Barbara Rae-Venter uploaded crime scene DNA to GEDmatch — a free public genealogy database. They found distant relatives (3rd-4th cousins) who shared DNA segments with the killer. Genealogists built family trees working backward from these matches, identifying potential suspects. Joseph DeAngelo emerged as a candidate based on age, location, and law enforcement background. Covert DNA collection (from a discarded item) confirmed the match. He was arrested in April 2018 — 44 years after his first known crimes.',
'{"items":[{"id":"i1","label":"Crime scene DNA had no match in CODIS","emoji":"❌"},{"id":"i2","label":"DNA uploaded to public genealogy database (GEDmatch)","emoji":"🧬"},{"id":"i3","label":"Distant relatives identified as partial matches","emoji":"👨‍👩‍👧"},{"id":"i4","label":"Family trees built to narrow suspect pool","emoji":"🌳"},{"id":"i5","label":"Covert DNA collected to confirm — arrest made","emoji":"🚔"}],"correctOrder":["i1","i2","i3","i4","i5"],"direction":"top-down"}', 2, ARRAY['famous-cases','golden-state-killer','genealogy']),

('a4130000-0000-0000-0000-000000000002', 'mcq', 'Genetic Genealogy Ethics', 'What major privacy concern did the Golden State Killer case raise?', 'Think about who consented to have their DNA searched.',
'The case exposed a profound privacy issue: Joseph DeAngelo never submitted his DNA to GEDmatch — his relatives did. By searching the database, investigators effectively conducted a genetic search on millions of people who never consented to law enforcement use of their DNA. Studies estimate that 60% of Americans of European descent can be identified through a third-cousin or closer match in these databases. GEDmatch later changed its privacy policy to require users to opt-in to law enforcement searches. The debate continues: is solving decades-old murders worth the erosion of genetic privacy for millions of innocent people?',
'{"options":[{"id":"a","text":"Innocent relatives'' DNA was searched without their consent"},{"id":"b","text":"The DNA evidence was too old to be reliable"},{"id":"c","text":"The killer was a former police officer"},{"id":"d","text":"The case took too long to solve"}],"correctOptionId":"a"}', 3, ARRAY['famous-cases','golden-state-killer','privacy']),

('a4130000-0000-0000-0000-000000000003', 'fill-blanks', 'GSK Case Facts', 'Complete the key facts about the Golden State Killer investigation.', 'Think about the timeline, the database, and the outcome.',
'The Golden State Killer case is now the textbook example of investigative genetic genealogy (IGG). DeAngelo committed crimes from 1974-1986 across California under multiple names (the Visalia Ransacker, the East Area Rapist, the Original Night Stalker). The 44-year gap between his crimes and arrest was bridged entirely by genetic genealogy. His arrest in 2018 opened the floodgates — since then, over 500 cold cases have been solved using the same technique, including cases dating back to the 1960s.',
'{"segments":[{"type":"text","content":"The Golden State Killer was identified using "},{"type":"slot","slotId":"s1","correctAnswerId":"a1"},{"type":"text","content":" genealogy. Crime scene DNA was uploaded to "},{"type":"slot","slotId":"s2","correctAnswerId":"a2"},{"type":"text","content":". Investigators found distant "},{"type":"slot","slotId":"s3","correctAnswerId":"a3"},{"type":"text","content":" who shared DNA, then built family trees to identify Joseph DeAngelo, arrested in "},{"type":"slot","slotId":"s4","correctAnswerId":"a4"},{"type":"text","content":"."}],"answerBlocks":[{"id":"a1","content":"genetic"},{"id":"a2","content":"GEDmatch"},{"id":"a3","content":"relatives"},{"id":"a4","content":"2018"},{"id":"d1","content":"forensic"},{"id":"d2","content":"CODIS"},{"id":"d3","content":"witnesses"},{"id":"d4","content":"2020"}]}', 2, ARRAY['famous-cases','golden-state-killer','facts']);

INSERT INTO lesson_applets (lesson_id, applet_id, sort_order) VALUES
('d4000000-0000-0000-0000-000000000013', 'a4130000-0000-0000-0000-000000000001', 1),
('d4000000-0000-0000-0000-000000000013', 'a4130000-0000-0000-0000-000000000002', 2),
('d4000000-0000-0000-0000-000000000013', 'a4130000-0000-0000-0000-000000000003', 3);

-- ─── Lesson 4.2 — The O.J. Simpson Case ───
INSERT INTO course_lessons (id, unit_id, title, description, emoji, sort_order, xp_reward) VALUES
('d4000000-0000-0000-0000-000000000014', 'b4000000-0000-0000-0000-000000000004', 'The O.J. Simpson Case', 'The "Trial of the Century" — how forensic evidence can be undermined.', '⚖️', 2, 10);

INSERT INTO applets (id, type, title, question, hint, explanation, content, difficulty, tags) VALUES
('a4140000-0000-0000-0000-000000000001', 'categorization-grid', 'Prosecution vs. Defense', 'Categorize each argument as belonging to the prosecution or the defense in the O.J. Simpson trial.', 'The prosecution had physical evidence. The defense attacked how it was collected.',
'The Simpson trial became a masterclass in how strong forensic evidence can be neutralized by attacking the process. The prosecution had blood evidence, DNA matches, a history of domestic violence, and a timeline. But the defense exposed that detective Mark Fuhrman had used racial slurs (undermining his credibility as the officer who found key evidence), argued evidence was planted, showed blood evidence was mishandled (the blood vial was carried around unsecured), and that the bloody glove didn''t fit. The jury acquitted — demonstrating that in the American legal system, evidence quality matters less than jury perception of evidence integrity.',
'{"categories":[{"id":"prosecution","label":"Prosecution","emoji":"👨‍⚖️"},{"id":"defense","label":"Defense","emoji":"🛡️"}],"items":[{"id":"i1","text":"DNA evidence matched the defendant''s blood"},{"id":"i2","text":"Lead detective had documented racial bias"},{"id":"i3","text":"Blood drops formed a trail from crime scene to defendant''s home"},{"id":"i4","text":"Blood evidence was carried in an unsealed vial"},{"id":"i5","text":"History of domestic violence with 62 documented incidents"},{"id":"i6","text":"Bloody glove didn''t fit the defendant''s hand"}],"correctMapping":{"i1":"prosecution","i2":"defense","i3":"prosecution","i4":"defense","i5":"prosecution","i6":"defense"},"layout":"columns"}', 3, ARRAY['famous-cases','oj-simpson','trial']),

('a4140000-0000-0000-0000-000000000002', 'mcq', 'Lesson from Simpson', 'What is the most important forensic lesson from the O.J. Simpson acquittal?', 'Think about why the evidence failed to convince the jury.',
'The Simpson case taught the forensic world that having evidence is not enough — the integrity of evidence collection and handling must be beyond reproach. Detective Fuhrman''s racism undermined the credibility of the bloody glove he claimed to find. The blood vial carried in a detective''s pocket for hours raised contamination questions. The prosecution''s DNA expert spent days explaining complex statistics that the jury found confusing. The case led to sweeping reforms: mandatory evidence handling protocols, diversity training in forensic labs, simplified expert testimony guidelines, and the understanding that forensic evidence must be presented in a way juries can understand and trust.',
'{"options":[{"id":"a","text":"Evidence collection integrity is as important as the evidence itself"},{"id":"b","text":"DNA evidence should never be used in murder trials"},{"id":"c","text":"Celebrity defendants always get acquitted"},{"id":"d","text":"Forensic evidence is unreliable in all cases"}],"correctOptionId":"a"}', 3, ARRAY['famous-cases','oj-simpson','forensic-lessons']),

('a4140000-0000-0000-0000-000000000003', 'thought-tree', 'Evidence Integrity', 'Make the right decisions to maintain evidence integrity — lessons from the Simpson case.', 'Every shortcut creates an opening for the defense.',
'This tree directly mirrors the failures in the Simpson investigation. Properly sealing evidence containers prevents contamination claims. Having multiple officers witness evidence discovery prevents planting allegations. Documenting the chain of custody in real-time prevents gaps. Using clear, simple language in expert testimony ensures jury comprehension. And checking for investigator bias or conflicts of interest prevents credibility attacks. Each correct choice here represents a reform implemented after the Simpson verdict.',
'{"nodes":[{"id":"n1","question":"You collect a blood sample at the scene. How do you transport it?","leftChoice":{"id":"n1a","text":"Sealed evidence container, logged immediately"},"rightChoice":{"id":"n1b","text":"In your pocket — you''ll log it at the station"},"correctChoiceId":"n1a"},{"id":"n2","question":"You find a critical piece of evidence (a glove). What do you do?","leftChoice":{"id":"n2a","text":"Have another officer witness and photograph the discovery"},"rightChoice":{"id":"n2b","text":"Bag it yourself — speed is more important"},"correctChoiceId":"n2a"},{"id":"n3","question":"A defense attorney challenges the chain of custody. Your best defense?","leftChoice":{"id":"n3a","text":"Complete, timestamped log with every handler''s signature"},"rightChoice":{"id":"n3b","text":"Your sworn testimony that you remember handling it properly"},"correctChoiceId":"n3a"},{"id":"n4","question":"You''re explaining DNA evidence to the jury. What approach works best?","leftChoice":{"id":"n4a","text":"Simple analogies and clear visuals"},"rightChoice":{"id":"n4b","text":"Detailed statistical analysis with all the math"},"correctChoiceId":"n4a"},{"id":"n5","question":"You learn the lead detective has a documented bias. What do you do?","leftChoice":{"id":"n5a","text":"Replace them — bias undermines the entire case"},"rightChoice":{"id":"n5b","text":"Keep them — they know the case best"},"correctChoiceId":"n5a"}],"finalAnswer":"You maintained evidence integrity at every step. Sealed containers, witnessed discoveries, documented custody, clear jury communication, and removing biased investigators — these reforms came directly from the Simpson case failures."}', 3, ARRAY['famous-cases','oj-simpson','evidence-integrity']);

INSERT INTO lesson_applets (lesson_id, applet_id, sort_order) VALUES
('d4000000-0000-0000-0000-000000000014', 'a4140000-0000-0000-0000-000000000001', 1),
('d4000000-0000-0000-0000-000000000014', 'a4140000-0000-0000-0000-000000000002', 2),
('d4000000-0000-0000-0000-000000000014', 'a4140000-0000-0000-0000-000000000003', 3);

-- ─── Lesson 4.3 — Cold Cases Solved ───
INSERT INTO course_lessons (id, unit_id, title, description, emoji, sort_order, xp_reward) VALUES
('d4000000-0000-0000-0000-000000000015', 'b4000000-0000-0000-0000-000000000004', 'Cold Cases Solved', 'How advances in technology crack cases that were unsolvable for decades.', '❄️', 3, 10);

INSERT INTO applets (id, type, title, question, hint, explanation, content, difficulty, tags) VALUES
('a4150000-0000-0000-0000-000000000001', 'match-pairs', 'Technology Breakthroughs', 'Match each cold case breakthrough technology to the era when it first became available.', 'Think about when each technology was invented or became reliable enough for court.',
'Each decade brought forensic breakthroughs that cracked previously unsolvable cases. Fingerprint databases (AFIS) became operational in the 1980s, allowing automated matching for the first time. DNA profiling was first used in court in 1987 (the Colin Pitchfork case in England). CODIS (the national DNA database) went online in 1998. Genetic genealogy emerged in 2018 with the Golden State Killer. Advanced DNA phenotyping (predicting physical appearance from DNA) began in the 2020s. Each technology opened a new wave of cold case solutions.',
'{"leftItems":[{"id":"l1","text":"AFIS fingerprint database"},{"id":"l2","text":"DNA profiling in court"},{"id":"l3","text":"CODIS national DNA database"},{"id":"l4","text":"Investigative genetic genealogy"},{"id":"l5","text":"DNA phenotyping (appearance prediction)"}],"rightItems":[{"id":"r1","text":"1980s"},{"id":"r2","text":"1987"},{"id":"r3","text":"1998"},{"id":"r4","text":"2018"},{"id":"r5","text":"2020s"}],"correctPairs":{"l1":"r1","l2":"r2","l3":"r3","l4":"r4","l5":"r5"},"leftColumnLabel":"Technology","rightColumnLabel":"Era"}', 2, ARRAY['forensics','cold-cases','technology']),

('a4150000-0000-0000-0000-000000000002', 'mcq', 'First DNA Conviction', 'Who was the first person convicted of murder using DNA evidence?', 'It happened in England in 1988, and it also exonerated an innocent man.',
'Colin Pitchfork was the first person convicted of murder using DNA evidence, in 1988 in Leicestershire, England. Two teenage girls had been murdered in 1983 and 1986. Police conducted the world''s first mass DNA screening — collecting samples from over 5,000 local men. Pitchfork initially avoided detection by convincing a coworker to submit a sample in his name. When that coworker was overheard bragging about it in a pub, police tested Pitchfork directly — and got a match. Remarkably, the same DNA evidence first exonerated an innocent man, Richard Buckland, who had falsely confessed. This case proved DNA could both convict the guilty and free the innocent.',
'{"options":[{"id":"a","text":"Colin Pitchfork — convicted in England in 1988"},{"id":"b","text":"Ted Bundy — convicted in Florida in 1979"},{"id":"c","text":"Gary Ridgway — the Green River Killer"},{"id":"d","text":"Timothy Spencer — convicted in Virginia in 1988"}],"correctOptionId":"a"}', 3, ARRAY['forensics','cold-cases','DNA-history']),

('a4150000-0000-0000-0000-000000000003', 'ordering', 'Cold Case Revival', 'Order the steps detectives follow when reopening a cold case.', 'Start with what you have, then look for what''s changed since the original investigation.',
'Cold case review is systematic. First, the original case file is reviewed to understand what was done and what was missed. Then physical evidence is inventoried — is it still preserved? Has it degraded? Next, detectives assess whether new technologies (DNA, genealogy, digital forensics) could be applied to existing evidence. Witnesses are re-interviewed — people''s loyalties and fears change over time, and someone who was too scared to talk in 1985 may be willing now. Finally, new evidence is submitted to modern databases. Many cold cases are solved not by new evidence but by applying new technology to old evidence.',
'{"items":[{"id":"i1","label":"Review original case file and investigative notes","emoji":"📂"},{"id":"i2","label":"Inventory physical evidence — is it still preserved?","emoji":"📦"},{"id":"i3","label":"Assess if new technology applies to existing evidence","emoji":"🔬"},{"id":"i4","label":"Re-interview witnesses (loyalties may have shifted)","emoji":"🗣️"},{"id":"i5","label":"Submit evidence to modern databases (CODIS, NIBIN, IGG)","emoji":"💻"}],"correctOrder":["i1","i2","i3","i4","i5"],"direction":"top-down"}', 2, ARRAY['forensics','cold-cases','procedure']);

INSERT INTO lesson_applets (lesson_id, applet_id, sort_order) VALUES
('d4000000-0000-0000-0000-000000000015', 'a4150000-0000-0000-0000-000000000001', 1),
('d4000000-0000-0000-0000-000000000015', 'a4150000-0000-0000-0000-000000000002', 2),
('d4000000-0000-0000-0000-000000000015', 'a4150000-0000-0000-0000-000000000003', 3);

-- ─── Lesson 4.4 — Famous Cases Review (Checkpoint) ───
INSERT INTO course_lessons (id, unit_id, title, description, emoji, sort_order, xp_reward, is_checkpoint_review) VALUES
('d4000000-0000-0000-0000-000000000016', 'b4000000-0000-0000-0000-000000000004', 'Famous Cases Review', 'Test your knowledge of landmark murder investigations.', '✅', 4, 15, true);

INSERT INTO applets (id, type, title, question, hint, explanation, content, difficulty, tags) VALUES
('a4160000-0000-0000-0000-000000000001', 'match-pairs', 'Case-Breakthrough Pairs', 'Match each famous case to the forensic breakthrough it''s most associated with.', 'Each case pioneered or highlighted a specific forensic technique.',
'These cases are milestones in forensic history. The Colin Pitchfork case established DNA as a courtroom tool. The O.J. Simpson case exposed the critical importance of evidence handling integrity. The Golden State Killer case proved genetic genealogy could solve the coldest of cold cases. The BTK Killer was caught through metadata on a floppy disk — showing that digital forensics extends to every piece of technology. The Unabomber case demonstrated how linguistic analysis of written manifestos could narrow a suspect pool — his brother recognized his writing style.',
'{"leftItems":[{"id":"l1","text":"Colin Pitchfork (1988)"},{"id":"l2","text":"O.J. Simpson (1995)"},{"id":"l3","text":"Golden State Killer (2018)"},{"id":"l4","text":"BTK Killer (2005)"},{"id":"l5","text":"Unabomber (1996)"}],"rightItems":[{"id":"r1","text":"First murder conviction using DNA evidence"},{"id":"r2","text":"Showed evidence handling is as crucial as evidence itself"},{"id":"r3","text":"Genetic genealogy solved a 40-year cold case"},{"id":"r4","text":"Caught through metadata on a floppy disk"},{"id":"r5","text":"Identified through linguistic analysis of writings"}],"correctPairs":{"l1":"r1","l2":"r2","l3":"r3","l4":"r4","l5":"r5"},"leftColumnLabel":"Case","rightColumnLabel":"Forensic Breakthrough"}', 3, ARRAY['famous-cases','review','breakthroughs']),

('a4160000-0000-0000-0000-000000000002', 'mcq', 'Wrongful Convictions', 'According to the Innocence Project, what is the leading cause of wrongful convictions in murder cases?', 'It''s not false confessions or bad forensics — it''s something more fundamental.',
'Eyewitness misidentification is the leading cause of wrongful convictions, contributing to approximately 69% of the 375+ DNA exonerations as of 2023. Memory is far less reliable than people believe — stress, cross-race identification, weapon focus (witnesses stare at the weapon rather than the face), and suggestive police lineups all contribute to misidentification. The second leading cause is junk science (faulty forensics like bite mark analysis or hair microscopy), followed by false confessions, and then informant testimony. These findings have led to reforms including double-blind lineups, recorded eyewitness confidence statements, and improved forensic standards.',
'{"options":[{"id":"a","text":"Eyewitness misidentification (~69% of exonerations)"},{"id":"b","text":"False confessions (~50% of exonerations)"},{"id":"c","text":"Corrupt prosecutors (~40% of exonerations)"},{"id":"d","text":"Planted evidence (~30% of exonerations)"}],"correctOptionId":"a"}', 3, ARRAY['famous-cases','wrongful-conviction','innocence']);

INSERT INTO lesson_applets (lesson_id, applet_id, sort_order) VALUES
('d4000000-0000-0000-0000-000000000016', 'a4160000-0000-0000-0000-000000000001', 1),
('d4000000-0000-0000-0000-000000000016', 'a4160000-0000-0000-0000-000000000002', 2);

-- =================================================================
-- UNIT 5 — Justice & Ethics (The Bigger Picture)
-- =================================================================
INSERT INTO course_units (id, course_id, title, description, sort_order) VALUES
('b4000000-0000-0000-0000-000000000005', 'c0000000-0000-0000-0000-000000000005', 'Justice & Ethics', 'Beyond solving the case — wrongful convictions, systemic bias, and the future of forensic science.', 5);

-- ─── Lesson 5.1 — Wrongful Convictions ───
INSERT INTO course_lessons (id, unit_id, title, description, emoji, sort_order, xp_reward) VALUES
('d4000000-0000-0000-0000-000000000017', 'b4000000-0000-0000-0000-000000000005', 'Wrongful Convictions', 'When the system fails — how innocent people end up behind bars.', '⚖️', 1, 10);

INSERT INTO applets (id, type, title, question, hint, explanation, content, difficulty, tags) VALUES
('a4170000-0000-0000-0000-000000000001', 'ordering', 'Causes of Wrongful Conviction', 'Rank these causes of wrongful conviction from MOST to LEAST common, based on Innocence Project data.', 'Eyewitness mistakes are #1, followed by bad science.',
'The Innocence Project has documented over 375 DNA exonerations, revealing clear patterns. Eyewitness misidentification is the most common factor (~69%), driven by the inherent unreliability of human memory under stress. Faulty forensic science is second (~44%) — including now-discredited techniques like bite mark analysis, hair microscopy comparison, and arson science. False confessions affect ~29% of cases. Government misconduct (prosecutorial or police) appears in ~44% but is harder to prove. Informant testimony (jailhouse snitches trading testimony for sentence reductions) rounds out the top five. Many cases involve multiple factors.',
'{"items":[{"id":"i1","label":"Eyewitness misidentification (~69%)","emoji":"👁️"},{"id":"i2","label":"Faulty or misleading forensic science (~44%)","emoji":"🔬"},{"id":"i3","label":"False confessions or admissions (~29%)","emoji":"🗣️"},{"id":"i4","label":"Informant/jailhouse snitch testimony (~17%)","emoji":"🤥"},{"id":"i5","label":"Inadequate defense representation","emoji":"👨‍⚖️"}],"correctOrder":["i1","i2","i3","i4","i5"],"direction":"top-down"}', 3, ARRAY['justice','wrongful-conviction','causes']),

('a4170000-0000-0000-0000-000000000002', 'mcq', 'Junk Science', 'Which of these forensic techniques has been largely discredited by the scientific community?', 'Think about which technique lacks a validated scientific basis.',
'Bite mark analysis has been largely discredited. A 2009 National Academy of Sciences report and a 2016 President''s Council of Advisors on Science and Technology (PCAST) report both concluded that bite mark comparison has no scientific basis for matching marks to a specific individual. Human skin distorts, swells, and changes — making reliable comparison impossible. At least 26 people have been wrongfully convicted based on bite mark evidence. Despite this, some jurisdictions still allow it in court. Other questionable forensic methods include hair microscopy comparison (the FBI admitted in 2015 that its analysts gave flawed testimony in 96% of cases reviewed) and certain arson investigation techniques.',
'{"options":[{"id":"a","text":"Bite mark analysis — no validated scientific basis"},{"id":"b","text":"DNA profiling — too many false positives"},{"id":"c","text":"Fingerprint analysis — completely unreliable"},{"id":"d","text":"Ballistic rifling comparison — never accurate"}],"correctOptionId":"a"}', 3, ARRAY['justice','junk-science','forensics']),

('a4170000-0000-0000-0000-000000000003', 'match-pairs', 'Reform Measures', 'Match each wrongful conviction cause to the reform designed to prevent it.', 'Each reform targets a specific failure point in the system.',
'These reforms represent decades of advocacy by organizations like the Innocence Project and the National Registry of Exonerations. Double-blind lineups (where the administrator doesn''t know who the suspect is) prevent unconscious cues. Mandatory recording eliminates the "he said/she said" of interrogation disputes. Forensic science commissions evaluate whether techniques meet scientific standards before courts accept them. Tracking informant reliability prevents serial snitches from trading false testimony. Improved funding for public defenders addresses the reality that many wrongfully convicted defendants had lawyers who were overworked, underfunded, or incompetent.',
'{"leftItems":[{"id":"l1","text":"Eyewitness misidentification"},{"id":"l2","text":"False confessions"},{"id":"l3","text":"Junk forensic science"},{"id":"l4","text":"Unreliable informants"},{"id":"l5","text":"Inadequate defense"}],"rightItems":[{"id":"r1","text":"Double-blind lineups with confidence statements"},{"id":"r2","text":"Mandatory video recording of full interrogations"},{"id":"r3","text":"Forensic science commissions to validate methods"},{"id":"r4","text":"Tracking and disclosure of informant reliability"},{"id":"r5","text":"Increased funding for public defender offices"}],"correctPairs":{"l1":"r1","l2":"r2","l3":"r3","l4":"r4","l5":"r5"},"leftColumnLabel":"Problem","rightColumnLabel":"Reform"}', 3, ARRAY['justice','reform','wrongful-conviction']);

INSERT INTO lesson_applets (lesson_id, applet_id, sort_order) VALUES
('d4000000-0000-0000-0000-000000000017', 'a4170000-0000-0000-0000-000000000001', 1),
('d4000000-0000-0000-0000-000000000017', 'a4170000-0000-0000-0000-000000000002', 2),
('d4000000-0000-0000-0000-000000000017', 'a4170000-0000-0000-0000-000000000003', 3);

-- ─── Lesson 5.2 — The Future of Forensics ───
INSERT INTO course_lessons (id, unit_id, title, description, emoji, sort_order, xp_reward) VALUES
('d4000000-0000-0000-0000-000000000018', 'b4000000-0000-0000-0000-000000000005', 'The Future of Forensics', 'AI, rapid DNA, and the next generation of crime-solving technology.', '🔮', 2, 10);

INSERT INTO applets (id, type, title, question, hint, explanation, content, difficulty, tags) VALUES
('a4180000-0000-0000-0000-000000000001', 'match-pairs', 'Emerging Technologies', 'Match each emerging forensic technology to what it promises to do.', 'Each technology addresses a current limitation in forensic science.',
'The next decade will transform forensic investigation. Rapid DNA machines (like ANDE) can produce a full DNA profile in under 2 hours at the crime scene — versus the current days-to-weeks at a lab. DNA phenotyping can predict a suspect''s appearance (eye color, hair color, skin tone, face shape) from crime scene DNA. AI-powered video analysis can track suspects across thousands of hours of CCTV footage in minutes. Microbial forensics analyzes the unique bacteria on a person''s skin to place them at a scene. Digital twins create precise 3D reconstructions of crime scenes that jurors can virtually walk through.',
'{"leftItems":[{"id":"l1","text":"Rapid DNA machines"},{"id":"l2","text":"DNA phenotyping"},{"id":"l3","text":"AI video analysis"},{"id":"l4","text":"Microbial forensics"},{"id":"l5","text":"Digital twin crime scenes"}],"rightItems":[{"id":"r1","text":"Full DNA profile in under 2 hours at the scene"},{"id":"r2","text":"Predict suspect appearance from DNA alone"},{"id":"r3","text":"Track suspects across thousands of CCTV hours"},{"id":"r4","text":"Use unique skin bacteria to link person to location"},{"id":"r5","text":"Virtual reality walkthrough of the crime scene for jurors"}],"correctPairs":{"l1":"r1","l2":"r2","l3":"r3","l4":"r4","l5":"r5"},"leftColumnLabel":"Technology","rightColumnLabel":"Capability"}', 2, ARRAY['forensics','future','technology']),

('a4180000-0000-0000-0000-000000000002', 'thought-tree', 'Ethics of Future Tech', 'Navigate the ethical questions raised by emerging forensic technologies.', 'Balance crime-solving power with privacy and civil liberties.',
'Each emerging technology raises its own ethical dilemma. Genetic genealogy''s power comes at the cost of searching innocent relatives'' DNA. AI facial recognition has demonstrated racial bias — misidentifying people of color at significantly higher rates. Rapid DNA at booking means DNA collection before conviction, raising presumption-of-innocence concerns. Predictive policing algorithms can reinforce existing racial disparities. The thread connecting all these issues is the tension between public safety and individual rights — a balance that democratic societies must constantly negotiate.',
'{"nodes":[{"id":"n1","question":"Should police search public genealogy databases without the users'' consent?","leftChoice":{"id":"n1a","text":"Only with a court order for serious crimes"},"rightChoice":{"id":"n1b","text":"Yes — if you upload DNA publicly, it''s fair game"},"correctChoiceId":"n1a"},{"id":"n2","question":"AI facial recognition has higher error rates for people of color. Should it be used?","leftChoice":{"id":"n2a","text":"Only after bias is reduced and with human verification"},"rightChoice":{"id":"n2b","text":"Yes — imperfect tools are better than no tools"},"correctChoiceId":"n2a"},{"id":"n3","question":"Should DNA be collected from everyone arrested, even before conviction?","leftChoice":{"id":"n3a","text":"Only after conviction — presumption of innocence matters"},"rightChoice":{"id":"n3b","text":"Yes — it could solve cold cases immediately"},"correctChoiceId":"n3a"},{"id":"n4","question":"Predictive policing sends more officers to high-crime areas. What''s the concern?","leftChoice":{"id":"n4a","text":"It can reinforce racial bias in policing patterns"},"rightChoice":{"id":"n4b","text":"It''s purely data-driven and therefore unbiased"},"correctChoiceId":"n4a"},{"id":"n5","question":"What principle should guide ALL forensic technology adoption?","leftChoice":{"id":"n5a","text":"Scientific validation before courtroom use"},"rightChoice":{"id":"n5b","text":"Speed of adoption — justice delayed is justice denied"},"correctChoiceId":"n5a"}],"finalAnswer":"You navigated the ethics correctly: court oversight for genealogy searches, bias reduction before AI deployment, conviction-based DNA collection, awareness of predictive policing bias, and scientific validation as the foundational principle. Technology must serve justice — not replace it."}', 3, ARRAY['forensics','future','ethics']),

('a4180000-0000-0000-0000-000000000003', 'mcq', 'Clearance Rates', 'As of recent years, approximately what percentage of murders in the US are solved?', 'The rate has been declining for decades.',
'The US murder clearance rate has declined dramatically — from about 90% in the 1960s to roughly 50% in recent years. This means that approximately half of all murders in America go unsolved. The decline is attributed to several factors: the decrease in "easy to solve" domestic murders (due to domestic violence interventions), the increase in stranger-on-stranger and gang-related violence, reduced community cooperation with police, overworked homicide units, and budget constraints. Cities like Chicago and Baltimore have clearance rates below 30%. This means improving forensic technology and investigation techniques isn''t just academic — it could bring justice to thousands of victims whose cases currently go cold.',
'{"options":[{"id":"a","text":"About 50% — roughly half go unsolved"},{"id":"b","text":"About 85% — most murders are solved"},{"id":"c","text":"About 25% — three-quarters go unsolved"},{"id":"d","text":"About 95% — almost all are solved eventually"}],"correctOptionId":"a"}', 2, ARRAY['forensics','statistics','clearance-rate']);

INSERT INTO lesson_applets (lesson_id, applet_id, sort_order) VALUES
('d4000000-0000-0000-0000-000000000018', 'a4180000-0000-0000-0000-000000000001', 1),
('d4000000-0000-0000-0000-000000000018', 'a4180000-0000-0000-0000-000000000002', 2),
('d4000000-0000-0000-0000-000000000018', 'a4180000-0000-0000-0000-000000000003', 3);

-- ─── Lesson 5.3 — The Final Investigation (Checkpoint) ───
INSERT INTO course_lessons (id, unit_id, title, description, emoji, sort_order, xp_reward, is_checkpoint_review) VALUES
('d4000000-0000-0000-0000-000000000019', 'b4000000-0000-0000-0000-000000000005', 'The Final Investigation', 'Put everything together — crime scenes, forensics, investigation, history, and ethics.', '🏆', 3, 20, true);

INSERT INTO applets (id, type, title, question, hint, explanation, content, difficulty, tags) VALUES
('a4190000-0000-0000-0000-000000000001', 'thought-tree', 'Complete Case Walkthrough', 'Work through a complete murder investigation from scene to courtroom.', 'Apply everything you''ve learned across all five units.',
'This final assessment walks through an entire investigation. Securing the scene prevents contamination. DNA evidence goes through extraction, amplification, and profiling. The murder triangle (means, motive, opportunity) structures suspect evaluation. Digital evidence requires warrants since Carpenter. And evidence must be presented in a way juries can understand — the Simpson case taught that even overwhelming physical evidence fails if the jury doesn''t trust the process. You now understand the complete arc of a homicide investigation.',
'{"nodes":[{"id":"n1","question":"A body is discovered. What''s the VERY first priority at the scene?","leftChoice":{"id":"n1a","text":"Ensure scene safety and secure the perimeter"},"rightChoice":{"id":"n1b","text":"Begin collecting DNA samples immediately"},"correctChoiceId":"n1a"},{"id":"n2","question":"Blood evidence is collected. What''s the first lab step?","leftChoice":{"id":"n2a","text":"DNA extraction, then PCR amplification"},"rightChoice":{"id":"n2b","text":"Fingerprint analysis of the blood stain"},"correctChoiceId":"n2a"},{"id":"n3","question":"A suspect has motive and means, but claims they were elsewhere. What do you check?","leftChoice":{"id":"n3a","text":"Cell tower records and surveillance footage for alibi verification"},"rightChoice":{"id":"n3b","text":"Give them a polygraph test"},"correctChoiceId":"n3a"},{"id":"n4","question":"You want the suspect''s phone location data. What do you need?","leftChoice":{"id":"n4a","text":"A warrant — required since Carpenter v. United States"},"rightChoice":{"id":"n4b","text":"Just a subpoena — phone records aren''t private"},"correctChoiceId":"n4a"},{"id":"n5","question":"The case goes to trial. How should the forensic evidence be presented?","leftChoice":{"id":"n5a","text":"Clear language with visuals — jury must understand and trust it"},"rightChoice":{"id":"n5b","text":"Maximum technical detail to impress the jury with complexity"},"correctChoiceId":"n5a"}],"finalAnswer":"You completed the full investigation: scene security → evidence collection → DNA analysis → suspect investigation with digital forensics → courtroom presentation. From the golden hour to the verdict, you now understand how murders are solved — and the ethical principles that keep the system just."}', 3, ARRAY['investigation','final-exam','comprehensive']),

('a4190000-0000-0000-0000-000000000002', 'fill-blanks', 'Murder Investigation Mastery', 'Complete this summary of everything you''ve learned about solving murders.', 'Draw from all five units — scenes, forensics, investigation, cases, and ethics.',
'This final fill-in-the-blanks ties together the entire course. The golden hour is when evidence is freshest. DNA profiling revolutionized forensics starting with the Pitchfork case. The murder triangle is the investigator''s framework. The Simpson case showed that process integrity matters as much as evidence quality. And the ~50% clearance rate means there''s still enormous room for improvement — which is why forensic science education matters.',
'{"segments":[{"type":"text","content":"The critical first hour after discovery is the "},{"type":"slot","slotId":"s1","correctAnswerId":"a1"},{"type":"text","content":". The first murder conviction using DNA was "},{"type":"slot","slotId":"s2","correctAnswerId":"a2"},{"type":"text","content":" in 1988. Detectives evaluate suspects using means, motive, and "},{"type":"slot","slotId":"s3","correctAnswerId":"a3"},{"type":"text","content":". The O.J. Simpson case proved that evidence "},{"type":"slot","slotId":"s4","correctAnswerId":"a4"},{"type":"text","content":" is as important as the evidence itself. Today, about "},{"type":"slot","slotId":"s5","correctAnswerId":"a5"},{"type":"text","content":"% of US murders are solved."}],"answerBlocks":[{"id":"a1","content":"golden hour"},{"id":"a2","content":"Colin Pitchfork"},{"id":"a3","content":"opportunity"},{"id":"a4","content":"integrity"},{"id":"a5","content":"50"},{"id":"d1","content":"silver minute"},{"id":"d2","content":"O.J. Simpson"},{"id":"d3","content":"confession"},{"id":"d4","content":"quantity"},{"id":"d5","content":"90"}]}', 3, ARRAY['investigation','final-exam','mastery']),

('a4190000-0000-0000-0000-000000000003', 'mcq', 'The Purpose', 'What is ultimately the most important goal of a homicide investigation?', 'It''s not just about catching the killer.',
'The ultimate goal of a homicide investigation is justice — and justice has two sides. It means identifying and convicting the actual perpetrator so they cannot harm others. But equally, it means ensuring that innocent people are not wrongfully convicted. A system that catches killers at the expense of occasionally imprisoning innocent people is not a just system. The Innocence Project has shown that every wrongful conviction means two tragedies: an innocent person in prison AND a guilty person still free. True justice requires rigorous science, ethical investigation, and constant vigilance against the biases and shortcuts that lead to errors.',
'{"options":[{"id":"a","text":"Justice for victims while protecting the innocent from wrongful conviction"},{"id":"b","text":"Getting a conviction as quickly as possible"},{"id":"c","text":"Ensuring the maximum sentence for every defendant"},{"id":"d","text":"Closing the case to improve department statistics"}],"correctOptionId":"a"}', 2, ARRAY['justice','ethics','purpose']);

INSERT INTO lesson_applets (lesson_id, applet_id, sort_order) VALUES
('d4000000-0000-0000-0000-000000000019', 'a4190000-0000-0000-0000-000000000001', 1),
('d4000000-0000-0000-0000-000000000019', 'a4190000-0000-0000-0000-000000000002', 2),
('d4000000-0000-0000-0000-000000000019', 'a4190000-0000-0000-0000-000000000003', 3);
